,Roll,Pitch,Yaw,Joy,Sorrow,Anger,Surprise,Engagement,Time
0,10.031601905822754,-17.41409683227539,-9.800646781921387,VERY_UNLIKELY,VERY_UNLIKELY,VERY_UNLIKELY,VERY_UNLIKELY,352.5600000000001,2.2075612
1,10.031601905822754,-17.41409683227539,-9.800646781921387,VERY_UNLIKELY,VERY_UNLIKELY,VERY_UNLIKELY,VERY_UNLIKELY,352.5600000000001,4.5040839
2,10.031601905822754,-17.41409683227539,-9.800646781921387,VERY_UNLIKELY,VERY_UNLIKELY,VERY_UNLIKELY,VERY_UNLIKELY,352.5600000000001,6.6968266000000005
3,10.031601905822754,-17.41409683227539,-9.800646781921387,VERY_UNLIKELY,VERY_UNLIKELY,VERY_UNLIKELY,VERY_UNLIKELY,352.5600000000001,8.959297999999999
4,10.031601905822754,-17.41409683227539,-9.800646781921387,VERY_UNLIKELY,VERY_UNLIKELY,VERY_UNLIKELY,VERY_UNLIKELY,352.5600000000001,11.3912862
5,10.031601905822754,-17.41409683227539,-9.800646781921387,VERY_UNLIKELY,VERY_UNLIKELY,VERY_UNLIKELY,VERY_UNLIKELY,352.5600000000001,13.8496204
6,10.031601905822754,-17.41409683227539,-9.800646781921387,VERY_UNLIKELY,VERY_UNLIKELY,VERY_UNLIKELY,VERY_UNLIKELY,352.5600000000001,16.1719127
